蟲	蟲鳴	ㄔㄨㄥˊ ㄇㄧㄥˊ	蟲發出的聲音。	夏夜的草叢傳來蟲鳴。
蟲	毛毛蟲	ㄇㄠˊ ㄇㄠˊ ㄔㄨㄥˊ	蝴蝶或蛾的幼蟲。	毛毛蟲正在吃葉子。
森	森森	ㄙㄣ ㄙㄣ	形容樹木茂密或氣氛陰冷。	山坡上的樹木森森，遮住了陽光。
森	陰森	ㄧㄣ ㄙㄣ	陰暗而讓人害怕。	那間沒有燈的空屋顯得陰森。
動	運動	ㄩㄣˋ ㄉㄨㄥˋ	讓身體活動的練習。	每天運動能讓身體更健康。
動	感動	ㄍㄢˇ ㄉㄨㄥˋ	因為別人的行動或事情而心有所觸。	朋友的關心讓我很感動。
物	植物	ㄓˊ ㄨˋ	通常能利用陽光製造養分的生物。	這盆植物長出新的葉子。
物	禮物	ㄌㄧˇ ㄨˋ	送給別人表示心意的東西。	我做了一張卡片當作生日禮物。
王	王子	ㄨㄤˊ ㄗˇ	國王的兒子。	王子在故事中幫助村民。
王	女王	ㄋㄩˇ ㄨㄤˊ	以女性身分統治國家的君主。	童話中的女王穿著華麗的禮服。
坐	坐車	ㄗㄨㄛˋ ㄔㄜ	搭乘車輛。	我們坐車去探望奶奶。
坐	坐姿	ㄗㄨㄛˋ ㄗ	坐著時身體的姿勢。	寫字時要保持合適的坐姿。
午	午餐	ㄨˇ ㄘㄢ	中午吃的一餐。	今天的午餐有青菜和豆腐。
午	午後	ㄨˇ ㄏㄡˋ	中午以後的時間。	午後下了一場小雨。
停	停車	ㄊㄧㄥˊ ㄔㄜ	使車輛停下或停放車輛。	爸爸把車停在停車格裡。
停	暫停	ㄓㄢˋ ㄊㄧㄥˊ	暫時停止，之後可能繼續。	老師暫停影片，說明重要的內容。
座	讓座	ㄖㄤˋ ㄗㄨㄛˋ	把自己的座位讓給別人。	搭車時，姐姐主動讓座給需要的人。
座	星座	ㄒㄧㄥ ㄗㄨㄛˋ	人們把天空中的星星分組命名的區域。	老師教我們認識天空中的星座。
急	急忙	ㄐㄧˊ ㄇㄤˊ	因為趕時間而動作很快。	聽見鐘聲，他急忙走進教室。
急	急救	ㄐㄧˊ ㄐㄧㄡˋ	在緊急狀況下立即救護。	救護人員正在替傷者急救。
百	百貨	ㄅㄞˇ ㄏㄨㄛˋ	各式各樣的商品。	這家百貨公司有許多商店。
百	百姓	ㄅㄞˇ ㄒㄧㄥˋ	一般人民。	故事中的官員關心百姓的生活。
科	百科	ㄅㄞˇ ㄎㄜ	各種學科與知識的總稱。	這本百科全書介紹了許多動物。
科	科目	ㄎㄜ ㄇㄨˋ	依照學習內容分出的項目。	國語和數學都是學校的科目。
全	安全	ㄢ ㄑㄩㄢˊ	沒有危險。	過馬路時要注意安全。
全	全力	ㄑㄩㄢˊ ㄌㄧˋ	所有的力量。	大家全力完成這項任務。
原	草原	ㄘㄠˇ ㄩㄢˊ	長滿草的廣大平地。	羊群在草原上吃草。
原	原諒	ㄩㄢˊ ㄌㄧㄤˋ	不再責怪別人的過失。	他誠懇道歉後，朋友原諒了他。
從	跟從	ㄍㄣ ㄘㄨㄥˊ	跟隨別人。	小鴨跟從母鴨走向池塘。
從	從事	ㄘㄨㄥˊ ㄕˋ	做某種工作或活動。	叔叔從事繪畫工作。
此	彼此	ㄅㄧˇ ㄘˇ	雙方；你和我。	同學之間要彼此尊重。
此	此刻	ㄘˇ ㄎㄜˋ	現在這個時候。	此刻，大家正在安靜閱讀。
管	水管	ㄕㄨㄟˇ ㄍㄨㄢˇ	輸送水的管子。	水管把清水送進家裡。
管	管道	ㄍㄨㄢˇ ㄉㄠˋ	供物質通過的通道，也指取得資訊或辦事的方法。	老師提供了查詢資料的管道。
種	種子	ㄓㄨㄥˇ ㄗˇ	植物能長成新植株的部分。	我們把種子埋進土裡。
種	種植	ㄓㄨㄥˋ ㄓˊ	栽培植物；這裡的「種」讀第四聲。	爺爺在院子裡種植蔬菜。
橋	天橋	ㄊㄧㄢ ㄑㄧㄠˊ	架在道路上方，供人或車通行的橋。	行人可以走天橋越過馬路。
橋	吊橋	ㄉㄧㄠˋ ㄑㄧㄠˊ	用纜索懸吊橋面的橋。	我們慢慢走過山谷上的吊橋。
圖	地圖	ㄉㄧˋ ㄊㄨˊ	表示地面位置和形狀的圖。	我們用地圖尋找公園的位置。
圖	圖案	ㄊㄨˊ ㄢˋ	由線條、形狀或色彩組成的設計。	這件衣服上有花朵圖案。
館	博物館	ㄅㄛˊ ㄨˋ ㄍㄨㄢˇ	收藏、展示並研究文物等資料的場所。	我們在博物館看見古代的陶器。
館	旅館	ㄌㄩˇ ㄍㄨㄢˇ	提供旅客住宿的地方。	旅行時，我們住在車站附近的旅館。
