恆	恆心	ㄏㄥˊ ㄒㄧㄣ	持續做事、不輕易放棄的心。	學習樂器需要恆心。
恆	持之以恆	ㄔˊ ㄓ ㄧˇ ㄏㄥˊ	長久堅持做同一件事。	他持之以恆地練習，終於能游完一百公尺。
澄	澄清	ㄔㄥˊ ㄑㄧㄥ	把事情說明清楚，消除誤會。	他向同學澄清事情的經過。
澄	澄澈	ㄔㄥˊ ㄔㄜˋ	水清透而沒有混濁。	山中的溪水十分澄澈。
穗	稻穗	ㄉㄠˋ ㄙㄨㄟˋ	稻子頂端結著稻穀的部分。	成熟的稻穗垂了下來。
穗	麥穗	ㄇㄞˋ ㄙㄨㄟˋ	麥子頂端結著麥粒的部分。	田裡的麥穗隨風搖動。
養	培養	ㄆㄟˊ ㄧㄤˇ	透過練習或照顧，使能力、習慣等逐漸形成。	每天閱讀可以培養理解能力。
養	休養	ㄒㄧㄡ ㄧㄤˇ	休息並調養身體。	受傷後，他在家休養幾天。
源	源頭	ㄩㄢˊ ㄊㄡˊ	水流的起點，也指事情開始的地方。	我們沿著溪流尋找源頭。
源	資源	ㄗ ㄩㄢˊ	可以利用的物資、能源或其他條件。	我們要珍惜水資源。
藝	技藝	ㄐㄧˋ ㄧˋ	需要練習才能熟練的技術或本領。	師傅把製作竹籃的技藝教給學生。
藝	才藝	ㄘㄞˊ ㄧˋ	表演、創作等方面的才能。	她在才藝表演中彈奏鋼琴。
樸	樸實	ㄆㄨˊ ㄕˊ	簡單自然，不刻意裝飾或誇大。	爺爺的生活十分樸實。
樸	純樸	ㄔㄨㄣˊ ㄆㄨˊ	單純、厚道而沒有過多修飾。	村民待人純樸，讓遊客感到溫暖。
堆	堆積	ㄉㄨㄟ ㄐㄧ	東西一層層累積在一起。	落葉堆積在樹下。
堆	堆疊	ㄉㄨㄟ ㄉㄧㄝˊ	把東西一個接一個放在上面。	妹妹把積木堆疊成高塔。
撿	撿拾	ㄐㄧㄢˇ ㄕˊ	把掉落或散在地上的東西拾起。	大家一起撿拾沙灘上的垃圾。
撿	撿球	ㄐㄧㄢˇ ㄑㄧㄡˊ	把掉落或滾走的球拾起。	他跑到球場邊撿球。
巾	手巾	ㄕㄡˇ ㄐㄧㄣ	用來擦手、擦汗等的小塊布。	奶奶用手巾擦去額頭的汗。
巾	圍巾	ㄨㄟˊ ㄐㄧㄣ	圍在脖子上保暖或裝飾的長條布。	天冷時，我戴上圍巾出門。
痠	痠痛	ㄙㄨㄢ ㄊㄨㄥˋ	肌肉等部位又痠又痛的感覺。	爬山後，我的小腿有些痠痛。
痠	腰痠背痛	ㄧㄠ ㄙㄨㄢ ㄅㄟˋ ㄊㄨㄥˋ	腰和背感到痠痛。	搬了許多箱子後，他覺得腰痠背痛。
素	素養	ㄙㄨˋ ㄧㄤˇ	長期學習與練習所形成的知識、能力和態度。	閱讀可以提升語文素養。
素	樸素	ㄆㄨˊ ㄙㄨˋ	簡單、不華麗。	她穿著樸素，卻十分整潔。
尊	尊重	ㄗㄨㄣ ㄓㄨㄥˋ	重視別人的想法、感受或權利。	我們要尊重每個人的意見。
尊	尊敬	ㄗㄨㄣ ㄐㄧㄥˋ	敬重他人。	學生很尊敬這位用心教學的老師。
嚴	嚴格	ㄧㄢˊ ㄍㄜˊ	對要求或規則不隨便放寬。	老師嚴格要求大家遵守安全規則。
嚴	莊嚴	ㄓㄨㄤ ㄧㄢˊ	莊重而使人敬重。	典禮的氣氛十分莊嚴。
勞	勤勞	ㄑㄧㄣˊ ㄌㄠˊ	努力工作，不怕辛苦。	勤勞的農夫每天照顧田裡的作物。
勞	勞心勞力	ㄌㄠˊ ㄒㄧㄣ ㄌㄠˊ ㄌㄧˋ	既費心思，又耗費體力。	籌辦這場活動讓大家勞心勞力。
怨	抱怨	ㄅㄠˋ ㄩㄢˋ	說出心中的不滿。	遇到困難時，他先想辦法，而不只是抱怨。
怨	任勞任怨	ㄖㄣˋ ㄌㄠˊ ㄖㄣˋ ㄩㄢˋ	願意承受辛苦，即使被埋怨也不計較。	志工任勞任怨地照顧收容所的動物。
慷	慷慨	ㄎㄤ ㄎㄞˇ	大方，不吝惜財物或幫助。	他慷慨地捐出書籍，讓更多孩子閱讀。
慷	慷慨解囊	ㄎㄤ ㄎㄞˇ ㄐㄧㄝˇ ㄋㄤˊ	大方地拿出錢財幫助別人。	居民慷慨解囊，協助受災家庭。
慨	感慨	ㄍㄢˇ ㄎㄞˇ	受到事情觸動而產生深刻的感受。	看到老照片，奶奶對時光的變化很感慨。
慨	慨嘆	ㄎㄞˇ ㄊㄢˋ	有所感觸而嘆息。	看見古樹被砍，他不禁慨嘆環境的改變。
滋	滋養	ㄗ ㄧㄤˇ	提供養分，使生物成長。	雨水滋養了土地上的植物。
滋	滋味	ㄗ ㄨㄟˋ	食物的味道，也指事情帶來的感受。	這碗湯的滋味讓我想起家鄉。
