施	施展	ㄕ ㄓㄢˇ	把能力或本領表現出來。	成果發表時，每個人都有機會施展自己的才華。
施	樂善好施	ㄌㄜˋ ㄕㄢˋ ㄏㄠˋ ㄕ	樂於做好事，喜歡幫助有需要的人。	王伯伯樂善好施，常捐物資給需要幫助的家庭。
濘	泥濘不堪	ㄋㄧˊ ㄋㄧㄥˋ ㄅㄨˋ ㄎㄢ	泥水很多，地面非常難走。	連日大雨讓步道泥濘不堪，管理員暫時關閉入口。
濘	泥濘道路	ㄋㄧˊ ㄋㄧㄥˋ ㄉㄠˋ ㄌㄨˋ	泥土和水混雜、黏溼的道路。	走過泥濘道路後，我們把鞋底的泥巴刷乾淨。
躁	焦躁	ㄐㄧㄠ ㄗㄠˋ	因為擔心或著急而心神不安。	找不到作業本時，我很焦躁，老師請我慢慢回想。
躁	戒驕戒躁	ㄐㄧㄝˋ ㄐㄧㄠ ㄐㄧㄝˋ ㄗㄠˋ	提醒自己不要驕傲，也不要急躁。	即使連贏兩場，教練仍提醒隊員戒驕戒躁。
霎	一霎那	ㄧ ㄕㄚˋ ㄋㄚˋ	極短的一段時間。	閃電在一霎那照亮了天空。
霎	霎時間	ㄕㄚˋ ㄕˊ ㄐㄧㄢ	非常短的時間裡。	老師一宣布好消息，教室霎時間充滿歡呼聲。
幹	才幹	ㄘㄞˊ ㄍㄢˋ	做事的能力與本領。	她安排活動井井有條，展現出組織的才幹。
幹	幹練	ㄍㄢˋ ㄌㄧㄢˋ	處理事情熟練又有能力。	幹練的隊長很快就分配好每個人的工作。
典	典範	ㄉㄧㄢˇ ㄈㄢˋ	值得學習、模仿的好榜樣。	他的誠實與負責，是我們學習的典範。
典	引經據典	ㄧㄣˇ ㄐㄧㄥ ㄐㄩˋ ㄉㄧㄢˇ	引用經典書籍的話來說明或支持自己的看法。	老師引經據典，向我們說明守信的重要。
賀	恭賀	ㄍㄨㄥ ㄏㄜˋ	恭敬地向別人表達祝賀。	大家送上卡片，恭賀校友獲得科學研究獎。
賀	賀詞	ㄏㄜˋ ㄘˊ	用來祝賀別人的話語或文章。	班長在卡片上寫下溫暖的賀詞。
遮	遮蔽	ㄓㄜ ㄅㄧˋ	把某個地方或事物擋住。	茂密的枝葉遮蔽了陽光，樹下十分涼爽。
遮	遮掩	ㄓㄜ ㄧㄢˇ	遮住或掩藏，不讓人看見或知道。	做錯事要勇於承認，不能用謊話遮掩。
雋	雋語	ㄐㄩㄢˋ ㄩˇ	含意深長、值得細細體會的話。	老師分享一句雋語，請大家說說它帶來的啟發。
雋	雋才	ㄐㄩㄣˋ ㄘㄞˊ	才智出眾的人；這裡的雋讀ㄐㄩㄣˋ。	這位年輕作家被讚為文壇雋才。
踏	腳踏實地	ㄐㄧㄠˇ ㄊㄚˋ ㄕˊ ㄉㄧˋ	做事踏實，認真完成每一步。	只要腳踏實地練習，朗讀就會慢慢進步。
踏	踏青	ㄊㄚˋ ㄑㄧㄥ	春天到戶外散步，欣賞自然景色。	春假時，我們全家到郊外踏青。
穩	穩健	ㄨㄣˇ ㄐㄧㄢˋ	做事穩當，不急著冒險。	他採取穩健的方法，先檢查資料再下結論。
穩	穩如泰山	ㄨㄣˇ ㄖㄨˊ ㄊㄞˋ ㄕㄢ	像泰山一樣穩固，不容易動搖。	這座書架固定得穩如泰山，輕推也不會晃動。
稀	稀疏	ㄒㄧ ㄕㄨ	分布不密集，彼此之間空隙較大。	山坡上的樹木稀疏，可以看見大片空地。
稀	稀有	ㄒㄧ ㄧㄡˇ	很少見，不容易找到。	這種稀有的動物需要大家一起保護。
襟	胸襟	ㄒㄩㄥ ㄐㄧㄣ	一個人的心胸與待人的態度。	他胸襟寬廣，願意聽取不同的意見。
襟	襟懷	ㄐㄧㄣ ㄏㄨㄞˊ	人的心胸或內心的想法。	爺爺襟懷坦白，總是誠懇地表達自己的想法。
仁	仁慈	ㄖㄣˊ ㄘˊ	有愛心，對人溫和寬厚。	仁慈的志工細心照顧受傷的小貓。
仁	仁至義盡	ㄖㄣˊ ㄓˋ ㄧˋ ㄐㄧㄣˋ	已盡力做到應有的關懷與幫助。	他多次伸出援手，已經仁至義盡。
酥	酥軟	ㄙㄨ ㄖㄨㄢˇ	柔軟而沒有力氣。	跑完長距離後，我的雙腿酥軟，先坐下休息。
酥	鳳梨酥	ㄈㄥˋ ㄌㄧˊ ㄙㄨ	包著鳳梨等餡料的鬆脆糕點。	阿姨帶來一盒鳳梨酥，請大家一起品嚐。
庇	庇佑	ㄅㄧˋ ㄧㄡˋ	保護、幫助，常用在祈願的話語中。	家人祈求神明庇佑出海的漁民平安返航。
庇	包庇	ㄅㄠ ㄅㄧˋ	明知有人做錯事，卻替他隱瞞或掩護。	朋友做錯事時，我們應勸他改正，不能包庇。
栽	栽培	ㄗㄞ ㄆㄟˊ	種植照顧植物，也指培養人才。	老師用心栽培我們，鼓勵大家發揮自己的長處。
栽	栽植	ㄗㄞ ㄓˊ	把植物種到土裡。	志工在河堤旁栽植樹苗，讓環境更加綠意盎然。
