施	ㄕ	施肥	ㄕ ㄈㄟˊ	給植物補充養分。	爺爺定期替菜園裡的蔬菜施肥。
濘	ㄋㄧㄥˋ	泥濘	ㄋㄧˊ ㄋㄧㄥˋ	泥土和水混在一起，黏溼難走。	大雨過後，山路泥濘，大家放慢腳步。
躁	ㄗㄠˋ	急躁	ㄐㄧˊ ㄗㄠˋ	心情著急，容易不耐煩。	等公車時，弟弟有些急躁，媽媽提醒他先深呼吸。
霎	ㄕㄚˋ	霎時	ㄕㄚˋ ㄕˊ	很短的時間。	天空霎時暗了下來，接著下起大雨。
幹	ㄍㄢˋ	樹幹	ㄕㄨˋ ㄍㄢˋ	樹木中間支撐枝葉的主要部分。	這棵老樹的樹幹很粗，要兩個人才能合抱。
典	ㄉㄧㄢˇ	字典	ㄗˋ ㄉㄧㄢˇ	查詢字的讀音、意思和用法的工具書。	遇到不認識的字，我會先查字典。
賀	ㄏㄜˋ	祝賀	ㄓㄨˋ ㄏㄜˋ	用言語或行動表達對別人喜事的祝福。	全班寫卡片祝賀小安獲得朗讀比賽第一名。
遮	ㄓㄜ	遮陽	ㄓㄜ ㄧㄤˊ	擋住太陽的光線。	出門前，媽媽提醒我戴上帽子遮陽。
雋	ㄐㄩㄢˋ	雋永	ㄐㄩㄢˋ ㄩㄥˇ	話語或文章意思深長，讓人反覆思考。	這首詩雖然很短，卻十分雋永，讀完還想再讀。
踏	ㄊㄚˋ	踏步	ㄊㄚˋ ㄅㄨˋ	雙腳輪流抬起、放下的動作。	運動前，我們先在原地踏步暖身。
穩	ㄨㄣˇ	平穩	ㄆㄧㄥˊ ㄨㄣˇ	平順穩定，沒有明顯搖晃或變化。	哥哥把推車扶好，讓它平穩地通過小坡。
稀	ㄒㄧ	稀少	ㄒㄧ ㄕㄠˇ	數量很少。	這種鳥在都市裡很稀少，不容易看見。
襟	ㄐㄧㄣ	衣襟	ㄧ ㄐㄧㄣ	衣服胸前的部分。	弟弟不小心把湯汁滴到衣襟上。
仁	ㄖㄣˊ	仁愛	ㄖㄣˊ ㄞˋ	愛護他人，願意關心並幫助人。	奶奶待人仁愛，經常關心附近獨居的長輩。
酥	ㄙㄨ	酥脆	ㄙㄨ ㄘㄨㄟˋ	鬆鬆脆脆，容易咬碎。	剛烤好的餅乾酥脆可口。
庇	ㄅㄧˋ	庇護	ㄅㄧˋ ㄏㄨˋ	給予保護，使人免受傷害。	大樹庇護著樹下的小動物，替牠們擋住烈日。
栽	ㄗㄞ	栽種	ㄗㄞ ㄓㄨㄥˋ	把植物種進土裡，照顧它生長。	我們在校園角落栽種向日葵。
